VOC	NucName	AAName	Key	Position	Type	Length	Ref	Alt
UK	C3267T	Orf1ab:T1001I	FALSE	3267	Sub	1	C	T
UK	C5388A	Orf1ab:A1708D	FALSE	5388	Sub	1	C	A
UK	T6954C	Orf1ab:I2230T	FALSE	6954	Sub	1	T	C
UK	A23063T	S:N501Y	TRUE	23063	Sub	1	A	T
UK	A23271A	S:A570D	TRUE	23271	Sub	1	A	A
UK	C23604A	S:P681H	TRUE	23604	Sub	1	C	A
UK	C23709T	S:T716I	TRUE	23709	Sub	1	C	T
UK	T24506G	S:S982A	TRUE	24506	Sub	1	T	G
UK	G24914C	S:D1118H	TRUE	24914	Sub	1	G	C
UK	C27972T	Orf8:Q27stop	FALSE	27972	Sub	1	C	T
UK	G28048T	Orf8:R52I	FALSE	28048	Sub	1	G	T
UK	A28111G	Orf8:Y73C	FALSE	28111	Sub	1	A	G
UK	GAT28280CTA	N:D3L	FALSE	28280	Sub	3	GAT	CTA
UK	C28977T	N:S235F	FALSE	28977	Sub	1	C	T
UK	[11287-11295] del	Orf1ab:3675-3677del	FALSE	11288	Del	9	-	-
UK	[21764-21769] del	S:69/70del	FALSE	21764	Del	6	-	-
UK	[21990-21992] del	S:Y144	FALSE	21991	Del	3	-	-